<?xml version="1.0" encoding="UTF-8"?>
<?xml-stylesheet type="text/xsl" href="../src/vmachine.xsl"?>
<?xml-model href="../schema/vmachine.rng" type="application/xml" schematypens="http://relaxng.org/ns/structure/1.0"?>
<?xml-model href="../schema/vmachine.rng" type="application/xml" schematypens="http://purl.oclc.org/dsdl/schematron"?>
<TEI xmlns="http://www.tei-c.org/ns/1.0">

   <teiHeader>
      <fileDesc>
         <titleStmt>
            <title>Leaves of Grass</title>
            <respStmt>
               <resp></resp>
               <persName>Walt Whitman</persName>
            </respStmt>
            <sponsor>
               <orgName></orgName>
               <orgName></orgName>
            </sponsor>
            <funder>
               <orgName></orgName>
               <orgName></orgName>
            </funder>
            <principal>
               <persName></persName>
            </principal>
         </titleStmt>
         

         <editionStmt>
            <edition n="1"/>
            <respStmt>
               <resp></resp>
               <persName></persName>
               <orgName></orgName>
               <orgName></orgName>
            </respStmt>
         </editionStmt>

         <extent/>

         <publicationStmt>
            <publisher>Publisher</publisher>
            <address>
               <addrLine></addrLine>
            </address>
            <availability>
               <p>physical location or virtual location of the documents</p>
               
            </availability>
         </publicationStmt>

         <notesStmt>
            <note>
               
            </note>
         </notesStmt>

         <sourceDesc>
            <listBibl>
               <msDesc>
                  <msIdentifier>
                     <repository>See witness list.</repository>
                  </msIdentifier>
               </msDesc>
            </listBibl>
         </sourceDesc>
      </fileDesc>
     </teiHeader>
    
    <text>
        
        <front>
            <div>
                <listWit>
                    <witness xml:id="text-1">1855</witness>
                    <witness xml:id="text-2">1856</witness>
                    <witness xml:id="text-3">1860</witness>
                    <witness xml:id="text-4">1867</witness>
                    <witness xml:id="pub">
                   </witness>
                </listWit>
            </div>
        </front>
        <body>
            
            <pb ed="text-1" facs="#text-1"/>
            <pb ed="text-2" facs="#itext-2"/>
            <pb ed="text-3" facs="#itext-3" />
            <pb ed="text-4" facs="#itext-4"/>
            
            <head>
                <app>
                    <rdg wit="#text-1">1855</rdg>
                    <rdg wit="#text-2">1856</rdg>
                    <rdg wit="#text-3">1860</rdg>
                    <rdg wit="#text-3">1867</rdg>
 
                <note type="critical" anchored="true">
                    <p> Four editions of Walt Whitman's "Leaves of Grass", 1855 - 1867</p></note>
                </app>
            </head>
            <lg n="1">
                <l n="1">
                    <app>
                        <rdg wit="#text-1">I CELEBRATE myself,</rdg>
                        <rdg wit="#text-2">I CELEBRATE myself,</rdg>
                        <rdg wit="#text-3">I CELEBRATE myself,</rdg>
                        <rdg wit="#text-4">I CELEBRATE myself;</rdg>
                    </app>
                </l>

                    <l n="2">
                        <app>
                            <rdg wit="#text-1">And what I assume you shall assume,</rdg>
                            <rdg wit="#text-2">And what I assume you shall assume,</rdg>
                            <rdg wit="#text-3">And what I assume you shall assume,</rdg>
                            <rdg wit="#text-4">And what I assume you shall assume,</rdg>
                        </app>
                    </l>      

                        <l n="3">
                            <app>
                                <rdg wit="#text-1">For every atom belonging to me as good belongs to you.</rdg>
                                <rdg wit="#text-2">For every atom belonging to me, as good belongs </rdg>
                                <rdg wit="#text-3">For every atom belonging to me, as good belongs </rdg>
                                <rdg wit="#text-4">For every atom belonging to me, as good belongs to </rdg>
                            </app>
                        </l>      
                        
                            <l n="4">
                                <app>
                                    <rdg wit="#text-1"></rdg>
                                    <rdg wit="#text-2">to you.</rdg>
                                    <rdg wit="#text-3">to you.</rdg>
                                    <rdg wit="#text-4">you.</rdg>
                                </app>
                            </l>      
                            
                                <l n="5">
                                    <app>
                                        <rdg wit="#text-1">I loafe and invite my soul,</rdg>
                                        <rdg wit="#text-2">I loafe and invite my soul,</rdg>
                                        <rdg wit="#text-3">I loafe and invite my Soul,</rdg>
                                        <rdg wit="#text-4">I loafe and invite my Soul;</rdg>
                                    </app>
                                </l>      

                                    <l n="6">
                                        <app>
                                            <rdg wit="#text-1">I lean and loafe at my ease . . . . observing a spear of summer grass.</rdg>
                                            <rdg wit="#text-2">I lean and loafe at my ease, observing a spear of </rdg>
                                            <rdg wit="#text-3">I lean and loafe at my ease, observing a spear of </rdg>
                                            <rdg wit="#text-4">I lean and loafe at my ease, observing a spear of sum-</rdg>
                                        </app>
                                    </l>
                
                <l n="7">
                    <app>
                        <rdg wit="#text-1"></rdg>
                        <rdg wit="#text-2">summer grass.</rdg>
                        <rdg wit="#text-3">summer grass.</rdg>
                        <rdg wit="#text-4">mer grass.</rdg>
                    </app>
                </l>     
                
                                        <l n="8">
                                            <app>
                                                <rdg wit="#text-1">Houses and rooms are full of perfumes . . . . the shelves are crowded </rdg>
                                                <rdg wit="#text-2">Houses and rooms are full of perfumes—the </rdg>
                                                <rdg wit="#text-3">Houses and rooms are full of perfumes—the shelves</rdg>
                                                <rdg wit="#text-4">Houses and rooms are full of perfumes—the shelves</rdg>
                                            </app>
                                        </l>      
                                        
                <l n="9">
                    <app>
                        <rdg wit="#text-1">with perfumes,</rdg>
                        <rdg wit="#text-2">shelves are crowded with perfumes,</rdg>
                        <rdg wit="#text-3">are crowded with perfumes,</rdg>
                        <rdg wit="#text-4">are crowded with perfumes;</rdg>
                    </app>
                </l>     
                
                <l n="10">
                    <app>
                        <rdg wit="#text-1">I breathe the fragrance myself, and know it and like it,</rdg>
                        <rdg wit="#text-2">I breathe the fragrance myself, and know it and</rdg>
                        <rdg wit="#text-3">I breathe the fragrance myself, and know it and</rdg>
                        <rdg wit="#text-4">I breathe the fragrance myself, and know it and like it;</rdg>
                    </app>
                </l>      
                <l n="11">
                    <app>
                        <rdg wit="#text-1"></rdg>
                        <rdg wit="#text-2">like it,</rdg>
                        <rdg wit="#text-3">like it,</rdg>
                        <rdg wit="#text-4"></rdg>
                    </app>
                </l>      
                <l n="12">
                    <app>
                        <rdg wit="#text-1">The distillation would intoxicate me also, but I shall not let it.</rdg>
                        <rdg wit="#text-2">The distillation would intoxicate me also, but I</rdg>
                        <rdg wit="#text-3">the distillation, it is odorless,</rdg>
                        <rdg wit="#text-4">The distillation would intoxicate me also, but I shall </rdg>
                    </app>
                </l>      
                <l n="13">
                    <app>
                        <rdg wit="#text-1"></rdg>
                        <rdg wit="#text-2">shall not let it.</rdg>
                        <rdg wit="#text-3">not let it.</rdg>
                        <rdg wit="#text-4">not let it.</rdg>
                    </app>
                </l>      
                <l n="14">
                    <app>
                        <rdg wit="#text-1">The atmosphere is not a perfume . . . . it has no taste of the </rdg>
                        <rdg wit="#text-2">The atmosphere is not a perfume, it has no taste</rdg>
                        <rdg wit="#text-3">The atmosphere is not a perfume—it has no taste of</rdg>
                        <rdg wit="#text-4">The atmosphere is not a perfume—it has no taste of</rdg>
                    </app>
                </l>      
                <l n="15">
                    <app>
                        <rdg wit="#text-1">distillation . . . . it is</rdg>
                        <rdg wit="#text-2">of the distillation, it is odorless,</rdg>
                        <rdg wit="#text-3">the distillation, it is odorless,</rdg>
                        <rdg wit="#text-4">the distillation—it is odorless;</rdg>
                    </app>
                </l>      
                <l n="16">
                    <app>
                        <rdg wit="#text-1">odorless,</rdg>
                        <rdg wit="#text-2"></rdg>
                        <rdg wit="#text-3"></rdg>
                        <rdg wit="#text-4"></rdg>
                    </app>
                </l>      
                <l n="17">
                    <app>
                        <rdg wit="#text-1">It is for my mouth forever . . . . I am in love with it,</rdg>
                        <rdg wit="#text-2"></rdg>
                        <rdg wit="#text-3">It is for my mouth forever—I am in love with it,</rdg>
                        <rdg wit="#text-4">It is for my mouth forever—I am in love with it;</rdg>
                    </app>
                </l>      
                <l n="18">
                    <app>
                        <rdg wit="#text-1">I will go to the bank by the wood and become undisguised and naked,</rdg>
                        <rdg wit="#text-2"></rdg>
                        <rdg wit="#text-3">I will go to the bank by the wood, and become</rdg>
                        <rdg wit="#text-4">I will go to the bank by the wood, and become undis-</rdg>
                    </app>
                </l>      
                <l n="19">
                    <app>
                        <rdg wit="#text-1"></rdg>
                        <rdg wit="#text-2"></rdg>
                        <rdg wit="#text-3">undisguised and naked,</rdg>
                        <rdg wit="#text-4">guised and naked;</rdg>
                    </app>
                </l>      
                <l n="20">
                    <app>
                        <rdg wit="#text-1">I am mad for it to be in contact with me.</rdg>
                        <rdg wit="#text-2"></rdg>
                        <rdg wit="#text-3">I am mad for it to be in contact with me.</rdg>
                        <rdg wit="#text-4">I am mad for it to be in contact with me.</rdg>
                    </app>
                </l>      
                <l n="21">
                    <app>
                        <rdg wit="#text-1">The smoke of my own breath,</rdg>
                        <rdg wit="#text-2"></rdg>
                        <rdg wit="#text-3"></rdg>
                        <rdg wit="#text-4">The smoke of my own breath;</rdg>
                    </app>
                </l>      
                <l n="22">
                    <app>
                        <rdg wit="#text-1">Echos, ripples, and buzzed whispers . . . . loveroot, silkthread,</rdg>
                        <rdg wit="#text-2"></rdg>
                        <rdg wit="#text-3"></rdg>
                        <rdg wit="#text-4">Echoes, ripples, buzz'd whispers, love-root, silk-thread,</rdg>
                    </app>
                </l>      
                <l n="23">
                    <app>
                        <rdg wit="#text-1">crotch and vine,</rdg>
                        <rdg wit="#text-2"></rdg>
                        <rdg wit="#text-3"></rdg>
                        <rdg wit="#text-4">crotch and vine;</rdg>
                    </app>
                </l>      
                
                <l n="24">
                    <app>
                        <rdg wit="#text-1">My respiration and inspiration . . . . the beating of my heart . . . . </rdg>
                        <rdg wit="#text-2"></rdg>
                        <rdg wit="#text-3"></rdg>
                        <rdg wit="#text-4">My respiration and inspiration, the beating of my </rdg>
                    </app>
                </l>      

                <l n="25">
                    <app>
                        <rdg wit="#text-1">the passing of blood </rdg>
                        <rdg wit="#text-2"></rdg>
                        <rdg wit="#text-3"></rdg>
                        <rdg wit="#text-4">heart, the passing of blood and air through my </rdg>
                    </app>
                </l>      

                <l n="26">
                    <app>
                        <rdg wit="#text-1">and air through my lungs,</rdg>
                        <rdg wit="#text-2"></rdg>
                        <rdg wit="#text-3"></rdg>
                        <rdg wit="#text-4">lungs;</rdg>
                    </app>
                </l>      
                
                <l n="27">
                    <app>
                        <rdg wit="#text-1">The sniff of green leaves and dry leaves, and of the shore and</rdg>
                        <rdg wit="#text-2"></rdg>
                        <rdg wit="#text-3"></rdg>
                        <rdg wit="#text-4"></rdg>
                    </app>
                </l>      
                <l n="28">
                    <app>
                        <rdg wit="#text-1">darkcolored sea-</rdg>
                        <rdg wit="#text-2"></rdg>
                        <rdg wit="#text-3"></rdg>
                        <rdg wit="#text-4"></rdg>
                    </app>
                </l>      
                <l n="29">
                    <app>
                        <rdg wit="#text-1">rocks, and of hay in the barn,</rdg>
                        <rdg wit="#text-2"></rdg>
                        <rdg wit="#text-3"></rdg>
                        <rdg wit="#text-4"></rdg>
                    </app>
                </l>      
            </lg>
         
 
      </body>
   </text>


</TEI>
