<?xml version="1.0" encoding="UTF-8"?>
<?xml-stylesheet type="text/xsl" href="../src/vmachine.xsl"?>
<?xml-model href="../schema/vmachine.rng" type="application/xml" schematypens="http://relaxng.org/ns/structure/1.0"?>
<?xml-model href="../schema/vmachine.rng" type="application/xml" schematypens="http://purl.oclc.org/dsdl/schematron"?>
<TEI xmlns="http://www.tei-c.org/ns/1.0">

   <teiHeader>
      <fileDesc>
         <titleStmt>
            <title>Sonnet XVII</title>
            <respStmt>
               <resp></resp>
               <persName>Pablo Neruda</persName>
            </respStmt>
            <sponsor>
               <orgName></orgName>
               <orgName></orgName>
            </sponsor>
            <funder>
               <orgName></orgName>
               <orgName></orgName>
            </funder>
            <principal>
               <persName></persName>
            </principal>
         </titleStmt>

         <editionStmt>
            <edition n="1"/>
            <respStmt>
               <resp></resp>
               <persName></persName>
               <orgName></orgName>
               <orgName></orgName>
            </respStmt>
         </editionStmt>

         <extent/>

         <publicationStmt>
            <publisher>Pierette Guertin</publisher>
            <address>
               <addrLine/>
               <idno>"Jardin des Muses" http://www.pierdelune.com/neruda9.htm</idno>
            </address>
            <availability>
               <p/>
            </availability>
            <distributor/>
         </publicationStmt>

         <notesStmt>
            <note/>
         </notesStmt>

         <sourceDesc>
            <listBibl>
               <msDesc>
                  <msIdentifier>
                     <repository>See witness list.</repository>
                  </msIdentifier>
               </msDesc>
            </listBibl>
         </sourceDesc>
      </fileDesc>
      
      <profileDesc>
         <langUsage>
            <language ident="sp">Spanish</language>
            <language ident="it">Italian</language>
            <language ident="en">English</language>
            <language ident="fr">French</language>
         </langUsage>
      </profileDesc>
         
   </teiHeader>

   <text>

      <front>
         <div>
            <listWit>
               <witness xml:id="text-1">Spanish</witness>
               <witness xml:id="text-2">Italian</witness>
               <witness xml:id="text-3">French</witness>
               <witness xml:id="text-4">English</witness>
            </listWit>
         </div>
      </front>

      <body>

         <head>
            <app>
               <rdg wit="#text-1">Spanish</rdg>
               <rdg wit="#text-2">Italian</rdg>
               <rdg wit="#text-3">French</rdg>
               <rdg wit="#text-4">English</rdg>
 
               <note type="critical">
                  <p> Spanish, Italian, French, and English versions of Pablo Neruda's "Love Sonnet XVII"
                     (French translation by Ricard Ripoll i Villanueva; other translators unknown)</p></note>
               <note type="gloss">
                  <p>These four versions of the poem are from the website maintained by Pierette Guertin, last updated in 2011</p></note>
            </app>
         </head>
          
         <lg n="1">
            <l n="1">
               <app>
                  <rdg wit="#text-1">Desnuda eres tan simple como una de tus manos, </rdg>
                  <rdg wit="#text-2">Nuda sei semplice<note>This is a test of a note within a line</note> come una delle tue mani</rdg>
                  <rdg wit="#text-3">Nue, tu es aussi simple qu'une de tes mains,</rdg><note>This is a test of a note for all lines</note>
                  <rdg wit="#text-4">Naked, you are simple as one of your hands</rdg>
               </app>
            </l>
                                   
            <l n="2">
               <app>
                  <rdg wit="#text-1">lisa, terrestre, mínima, redonda,transparente,</rdg>
                  <rdg wit="#text-2">liscia, terrestre,minima,rotonda,trasparente,</rdg>
                  <rdg wit="#text-3">lise, terrestre, minimale, ronde, transparente,</rdg>
                  <rdg wit="#text-4">Smooth, Earthy, Small, Transparent, Round</rdg>
                  <rdg wit="#English">English</rdg>
               </app>
            </l>
               
               <l n="3">
                  <app>
                     <rdg wit="#text-1">tienes líneas de luna, caminos de manzana,</rdg>
                     <rdg wit="#text-2">hai linee di luna,strade di mela,</rdg>
                     <rdg wit="#text-3">tu as des lignes de lune, des chemins de pomme,</rdg>
                     <rdg wit="#text-4">You have moonlines, Apple pathways</rdg>
                  </app>
               </l>
               
               <l n="4">
                  <app>
                     <rdg wit="#text-1">desnuda eres delgada como el trigo desnudo.</rdg>
                     <rdg wit="#text-2">nuda sei sottile come il grano nudo.</rdg>
                     <rdg wit="#text-3">nue, tu es maigre comme le blé nu.</rdg>
                     <rdg wit="#text-4">Naked you are slendor as a naked grain of wheat</rdg>
                  </app>
               </l>
         </lg>

         <lg n="2">
            <l n="1">
               <app>
                  <rdg wit="#text-1">Desnuda eres azul como la noche en Cuba,</rdg>
                  <rdg wit="#text-2">Nuda sei azzurra come la notte a Cuba,</rdg>
                  <rdg wit="#text-3">Nue, tu es bleue comme la nuit à Cuba,</rdg>
                  <rdg wit="#text-4">Naked you are blue as a night in Cuba</rdg>
               </app>
            </l>
            
            <l n="2">
               <app>
                  <rdg wit="#text-1">tienes enredaderas y estrellas en el pelo,</rdg>
                  <rdg wit="#text-2">hai rampicanti e stelle nei tuoi capelli,</rdg>
                  <rdg wit="#text-3">tu as des liserons et des étoiles dans les cheveux,</rdg>
                  <rdg wit="#text-4">You have vines and stars in your hair</rdg>
               </app>
            </l>
            
            <l n="3">
               <app>
                  <rdg wit="#text-1">desnuda eres enorme y amarilla como el verano</rdg>
                  <rdg wit="#text-2">nuda sei enorme e gialla </rdg>
                  <rdg wit="#text-3">nue, tu es énorme et jaune.</rdg>
                  <rdg wit="#text-4">Naked you are spacious and yellow </rdg>
               </app>
            </l>

            <l n="4">
               <app>
                  <rdg wit="#text-1">en una iglesia de oro.</rdg>
                  <rdg wit="#text-2">come l'estate in una chiesa d'oro.</rdg>
                  <rdg wit="#text-3">[Line missing from web page]</rdg>
                  <rdg wit="#text-4">as summer in a golden church</rdg>
               </app>
            </l>
         </lg>
         
         <lg n="3">
            <l n="1">
               <app>
                  <rdg wit="#text-1">Desnuda eres pequeña como una de tus uñas,</rdg>
                  <rdg wit="#text-2">Nuda sei piccola come una delle tue unghie, </rdg>
                  <rdg wit="#text-3">Nue, tu es petite comme l'un de tes ongles,</rdg>
                  <rdg wit="#text-4">Naked you are tiny as one of your nails,</rdg>
               </app>
            </l>
            
            <l n="2">
               <app>
                  <rdg wit="#text-1">curva, sutil, rosada hasta que nace el día </rdg>
                  <rdg wit="#text-2">curva, sottile, rosea finché nasce il giorno</rdg>
                  <rdg wit="#text-3">courbe, subtile, rosée jusqu'à l'aube</rdg>
                  <rdg wit="#text-4">Curved,	Subtle,	Rosy, Til the day is borne </rdg>
               </app>
            </l>
            
            <l n="3">
               <app>
                  <rdg wit="#text-1">y te metes en el subterráneo del mundo</rdg>
                  <rdg wit="#text-2">e t'addentri nel sotterraneo del mondo.</rdg>
                  <rdg wit="#text-3">et tu entres dans le souterrain du monde</rdg>
                  <rdg wit="#text-4">and you withdraw to the underground world</rdg>
               </app>
            </l>
         </lg>

         <lg n="4">
            <l n="1">
               <app>
                  <rdg wit="#text-1">como en un largo túnel de trajes y trabajos:</rdg>
                  <rdg wit="#text-2">come in una lunga galleria di vestiti e di lavori:</rdg>
                  <rdg wit="#text-3">comme dans un long tunel de costumes et de travaux:</rdg>
                  <rdg wit="#text-4">As if down a long tunnel of clothing and of chores</rdg>
               </app>
            </l>
            
            <l n="2">
               <app>
                  <rdg wit="#text-1">tu claridad se apaga, se viste, se deshoja</rdg>
                  <rdg wit="#text-2">la tua chiarezza si spegne, si veste, si sfoglia</rdg>
                  <rdg wit="#text-3">ta clarté s'éteint, s'habille, s'effeuille</rdg>
                  <rdg wit="#text-4">Your clear light dims, Gets dressed, Drops its leaves,</rdg>
               </app>
            </l>
            
            <l n="3">
               <app>
                  <rdg wit="#text-1">y otra vez vuelve a ser una mano desnuda.</rdg>
                  <rdg wit="#text-2">e di nuovo torna a essere una mano nuda.</rdg>
                  <rdg wit="#text-3">et de nouveau elle devient une main nue.</rdg>
                  <rdg wit="#text-4">Becomes a naked hand again.</rdg>
               </app>
            </l>
         </lg>
         
 
      </body>
   </text>


</TEI>
