<?xml version="1.0" encoding="UTF-8"?>
<?xml-stylesheet type="text/xsl" href="../src/vmachine.xsl"?>
<?xml-model href="../schema/vmachine.rng" type="application/xml" schematypens="http://relaxng.org/ns/structure/1.0"?>
<?xml-model href="../schema/vmachine.rng" type="application/xml" schematypens="http://purl.oclc.org/dsdl/schematron"?>
<TEI xmlns="http://www.tei-c.org/ns/1.0">

   <teiHeader>
      <fileDesc>
         <titleStmt>
            <title>Selected Poems</title>
            <respStmt>
               <resp/>
               <persName>Masaoka Shiki</persName>
            </respStmt>
            <sponsor>
               <orgName/>
               <orgName/>
            </sponsor>
            <funder>
               <orgName/>
               <orgName/>
            </funder>
            <principal>
               <persName/>
            </principal>
         </titleStmt>

         <editionStmt>
            <edition/>
            <respStmt>
               <resp/>
               <persName>Janine Beichman</persName>
               <orgName>University of Virginia Library</orgName>
            </respStmt>
         </editionStmt>

         <extent/>

         <publicationStmt>
            <publisher/>
            <address>
               <addrLine/>
               <idno>http://jti.lib.virginia.edu/japanese/shiki/beichman/BeiShik.utf8.html</idno>
            </address>
            <availability>
               <p/>
            </availability>
            <distributor/>
         </publicationStmt>

         <notesStmt>
            <note/>
         </notesStmt>

         <sourceDesc>
            <listBibl>
               <msDesc>
                  <msIdentifier>
                     <repository>See witness list.</repository>
                  </msIdentifier>
               </msDesc>
            </listBibl>
         </sourceDesc>
      </fileDesc>

   </teiHeader>

   <text>

      <front>
         <div>
            <!-- This is where you give each of your witness "readings" an alphanumeric unique ID such as "Neruda: Spanish", "First Folio", "Whitman 1856", etc. Create one ID for each of your witnesses - there must be at least two and preferably no more than four -->
            <listWit>
               <witness xml:id="text-1">Poem no. 16.1, Japanese</witness>
               <witness xml:id="text-2">Poem no. 16.1, Romaji</witness>
               <witness xml:id="text-3">Poem no. 16.1, English</witness>
            </listWit>
         </div>
      </front>

      <body>

         <!-- This is where you give each of your witnesses a short readable title that will appear at the head of the panel and describe the witness such as "1856 ed. of Leaves of Grass", "Henry VIII: First Folio, "Beowulf, trans. Heaney", etc. -->
         <head>
            <app>
               <rdg wit="#text-1">Japanese</rdg>
               <rdg wit="#text-2">Romaji</rdg>
               <rdg wit="#text-3">English</rdg>
            </app>
         </head>

<!-- This template works best for poetry laid out in stanzas -->
         <lg><note type="critical">This series of translations is posted on the University of Virginia Library's "Japanese Text Inititiave" project</note> 
            <l>
               <app>
                  <rdg wit="#text-1">水無月の虚空に涼し時鳥</rdg>
                  <rdg wit="#text-2">minazuki no</rdg>
                  <rdg wit="#text-3">In the coolness</rdg>
               </app>
            </l>
               
               <l>
                 <app>
                  <rdg wit="#text-1"><note>There is no Japanese text here</note></rdg>
                  <rdg wit="#text-2">kokū ni suzushi</rdg>
                    <rdg wit="#text-3">of the empty sixth-month sky...</rdg>
               </app>
            </l>
            <l>
               <app>
                  <rdg wit="#text-1"></rdg>
                  <rdg wit="#text-2">hototogisu</rdg>
                  <rdg wit="#text-3">the cuckoo's cry.</rdg>
               </app>
            </l>

 

         </lg>


      </body>
   </text>


</TEI>
