<?xml version="1.0" encoding="UTF-8"?>
<?xml-stylesheet type="text/xsl" href="../src/vmachine.xsl"?>
<?xml-model href="../schema/vmachine.rng" type="application/xml" schematypens="http://relaxng.org/ns/structure/1.0"?>
<?xml-model href="../schema/vmachine.rng" type="application/xml" schematypens="http://purl.oclc.org/dsdl/schematron"?>
<TEI xmlns="http://www.tei-c.org/ns/1.0">

<!-- Add all necessary bibliographical metadata in this portion of the file (called the "teiHeader). Fill in only the fields that are
      applicable. -->
   <teiHeader>
      <fileDesc>
         <titleStmt>
            <title>[Title of Text or Texts</title>
            <respStmt>
               <resp/>
               <persName>[Author of Work]</persName>
            </respStmt>
            <sponsor>
               <orgName></orgName>
            </sponsor>
            <funder>
               <orgName></orgName>
            </funder>
            <principal>
               <persName></persName>
            </principal>
         </titleStmt>

         <editionStmt>
            <edition/>
            <respStmt>
               <resp></resp>
               <persName></persName>
               <orgName></orgName>
            </respStmt>
         </editionStmt>

         <publicationStmt>
            <publisher></publisher>
            <address>
               <addrLine></addrLine>
               <idno></idno>
            </address>
            <availability>
               <p/>
            </availability>
            <distributor/>
         </publicationStmt>

         <notesStmt>
            <note/>
         </notesStmt>

         <sourceDesc>
            <listBibl>
               <msDesc>
                  <msIdentifier>
                     <repository>See witness list.</repository>
                  </msIdentifier>
               </msDesc>
            </listBibl>
         </sourceDesc>
      </fileDesc>

   </teiHeader>

   <text>

      <front>
         <div>
            <!-- This is where you give each of your witness "readings" an alphanumeric unique ID 
               such as "Neruda: Spanish", "First Folio", "Whitman 1856", etc. 
               Create one ID for each of your witnesses - there must be at least two and preferably no more than four -->
            <listWit>
               <witness xml:id="text-1">[id]</witness>
               <witness xml:id="text-2">[id]</witness>
               <witness xml:id="text-3">[id]</witness>
               <witness xml:id="text-4">[id]</witness>
               <!-- Add more witnesses here if you wish -->
            </listWit>
         </div>
      </front>

      <body>

         <!-- This is where you give each of your witnesses a short readable title that will appear at the head of the panel 
            and describe the witness such as "1856 ed. of Leaves of Grass", "Henry VIII: First Folio, "Beowulf, trans. Heaney", etc. -->
         <head>
            <app>
               <rdg wit="#text-1">[title]</rdg>
               <rdg wit="#text-2">[title]</rdg>
               <rdg wit="#text-3">[title]</rdg>
               <rdg wit="#text-4">[title]</rdg>
               <!-- Add more witness titles here if you wish -->
            </app>
         </head>

<!-- This template works best for prose laid out in paragraphs. 
            Each paragraph is wrapped in one set of <p> tags. 
            Each critical apparatus is wrapped in <app> tags.
            Each reading of the witness is wrapped in <rdg> tags. 
            
            You can add notes by adding a <note> tag at particular points in the text. 
            If you put a <note> after the </rdg>tag it will appear across all readings.
            If you put a <note> between the <rdg></rdg> tags that note will refer only to that one reading. 
         
         -->

            <p>
               <app>
                  <rdg wit="#text-1"></rdg>
                  <rdg wit="#text-2"></rdg>
                  <rdg wit="#text-3"></rdg>
                  <rdg wit="#text-4"></rdg>
                  <!-- Add more readings here if you wish -->
               </app>
            </p>

            <p>
               <app>
                  <rdg wit="#text-1"></rdg>
                  <rdg wit="#text-2"></rdg>
                  <rdg wit="#text-3"></rdg>
                  <rdg wit="#text-4"></rdg>
                  <!-- If one reading has an empty paragraph, keep the empty <rdg wit="#text-???"></rdg> 
                     (where ??? is the text) -->
               </app>
            </p>

            <p>
               <app>
                  <rdg wit="#text-1"></rdg>
                  <rdg wit="#text-2"></rdg>
                  <rdg wit="#text-3"></rdg>
                  <rdg wit="#text-4"></rdg>
               </app>
            </p>
            
            <!-- Continue this pattern through the end of your poem. 
               Make sure that if you have multiple stanzas (line groups, or <lg>) 
               that you wrap each line group with <lg></lg> tags. -->

         


      </body>
   </text>


</TEI>
