<?xml version="1.0" encoding="UTF-8"?>
<?xml-stylesheet type="text/xsl" href="../src/vmachine.xsl"?>
<?xml-model href="../schema/vmachine.rng" type="application/xml" schematypens="http://relaxng.org/ns/structure/1.0"?>
<?xml-model href="../schema/vmachine.rng" type="application/xml" schematypens="http://purl.oclc.org/dsdl/schematron"?>
<TEI xmlns="http://www.tei-c.org/ns/1.0">

<!-- Add all necessary bibliographical metadata in this portion of the file (called the "teiHeader). Fill in only the fields that are
      applicable. -->
   <teiHeader>
      <fileDesc>
         <titleStmt>
            <title></title>
            <respStmt>
               <resp/>
               <persName></persName>
            </respStmt>
            <sponsor>
               <orgName></orgName>
            </sponsor>
            <funder>
               <orgName></orgName>
            </funder>
            <principal>
               <persName></persName>
            </principal>
         </titleStmt>

         <editionStmt>
            <edition/>
            <respStmt>
               <resp></resp>
               <persName></persName>
               <orgName></orgName>
            </respStmt>
         </editionStmt>

         <publicationStmt>
            <publisher></publisher>
            <address>
               <addrLine></addrLine>
               <idno></idno>
            </address>
            <availability>
               <p/>
            </availability>
            <distributor/>
         </publicationStmt>

         <notesStmt>
            <note/>
         </notesStmt>

         <sourceDesc>
            <listBibl>
              <bibl>
                 <title>徒然草</title><lb/>
                 <author>吉田兼好, </author>
                 <publisher>正徹, </publisher>
                 <pubPlace>日本, </pubPlace>
                 <date>1429</date>
              </bibl>
               <bibl>
                  <title>徒然草 </title><lb/>
                  <author>吉田兼好, </author>
                  <author>西尾実, </author><!-- I have decided that the translators will be recognized as the second author of their own translation -->
                  <author>安良岡康作, </author>
                  <publisher>岩波書店, </publisher>
                  <pubPlace>日本, </pubPlace>
                  <date>1985</date>
               </bibl>
               <bibl>
                  <title>徒然草</title><lb/>
                  <author>吉田兼好, </author>
                  <author>王以铸, </author>
                  <publisher>人民文学出版社, </publisher>
                  <pubPlace>中国, </pubPlace>
                  <date>1988</date>
               </bibl>
               <bibl>
                  <title>Essays in Idleness</title><lb/>
                  <author>吉田兼好, </author>
                  <author>Donald Keene, </author>
                  <publisher>Columbia University Press, </publisher>
                  <pubPlace>United States, </pubPlace>
                  <date>1998</date>
               </bibl>
            </listBibl>
         </sourceDesc>
      </fileDesc>

   </teiHeader>

   <text>

      <front>
         <div>
            <!-- This is where you give each of your witness "readings" an alphanumeric unique ID 
               such as "Neruda: Spanish", "First Folio", "Whitman 1856", etc. 
               Create one ID for each of your witnesses - there must be at least two and preferably no more than four -->
            <listWit>
               <witness xml:id="text-1">Classical Japanese</witness>
               <witness xml:id="text-2">Modern Japanese</witness>
               <witness xml:id="text-3">Chinese</witness>
               <witness xml:id="text-4">English</witness>
               <!-- Add more witnesses here if you wish -->
            </listWit>
         </div>
      </front>

      <body>

         <!-- This is where you give each of your witnesses a short readable title that will appear at the head of the panel 
            and describe the witness such as "1856 ed. of Leaves of Grass", "Henry VIII: First Folio, "Beowulf, trans. Heaney", etc. -->
         <head>
            <app>
               <rdg wit="#text-1">徒然草</rdg>
               <rdg wit="#text-2">徒然草</rdg>
               <rdg wit="#text-3">徒然草</rdg>
               <rdg wit="#text-4">Essays in Idleness</rdg>
               <!-- Add more witness titles here if you wish -->
            </app>
         </head>

<!-- This template works best for prose laid out in paragraphs. 
            Each paragraph is wrapped in one set of <p> tags. 
            Each critical apparatus is wrapped in <app> tags.
            Each reading of the witness is wrapped in <rdg> tags. 
            
            You can add notes by adding a <note> tag at particular points in the text. 
            If you put a <note> after the </rdg>tag it will appear across all readings.
            If you put a <note> between the <rdg></rdg> tags that note will refer only to that one reading. 
         
         -->

            <p>
               <title>Section 7</title>
               <app>
                  <rdg wit="#text-1">あだし野の露消ゆる時なく、鳥部山の煙立ちさらでのみ住み果つる習ひならば、いかに物の哀れもなからん。世は定めなきこそいみじけれ。</rdg>
                  <rdg wit="#text-2">露や煙ははかなく消える命なのに、この世に死者はなくならないので、あだし野霊園の草露や鳥部山火葬場の煙はいつまでも消えることはない。だが、その草露や煙のように人間がこの世に永住して死ぬことがないならば、人生の深い感動は生まれてくるはずもない。やはり、人の命ははかないほうが断然良い。<note>The most significant difference in this translation is that the translator uses a lot of expansion and clarification (Berman's 12 deforming tendency). Such expansion is necessary because Classical Japanese (to some extent modern Japanese as well) contains a lot of underlying information that is not clarified in the text. In this paragraph for example, "この世に死者はなくならないので"(Dead men do not fade away in this world) in the modern translation is added to explain the metaphor of "あだし野の露消ゆる時なく、鳥部山の煙立ちさらでのみ" (the dews of Adashino never vanish, the smoke over Toribeyama never fades). Another possible reason might be because the original text is written as philosophical thoughts of a Buddust monk, without expansion it would be too difficult for modern readers to understand the metaphors. </note></rdg>
                  <rdg wit="#text-3">若爱宕山野之露永不消、鸟部山之烟恒不散，人生在世，得能长存久住，则生有何欢？正因变幻无常、命运难测，方显人生百味无穷。<note>The translator uses ennoblement in this translation by using a classical Chinese style of language. One similarity between classical Japanese and classical Chinese is that both languages are much shorter and more concise compared to their modern version. In this case, it is obvious that the length of the Chinese translation is the closest to that of the original text among the three languages. However, a significant difference between classical Japanese and classical Chinese is that while classical Japanese is concise because it leaves out a lot of information, classical Chinese does so by using single characters/words that contains multiple meanings. Therefore, though the length of the translation is very close to that of the original, there are in fact expansions in the translating process.</note></rdg>
                  <rdg wit="#text-4">If man were never to fade away like the dews of Adashino, never to vanish like the smoke over Toribeyama, but lingered on forever in the world, how things would lose their power to move us! The most precious thing in life is its uncertainty.<note>The most interesting thing in this version of translation is the use of exclamation mark, indicating a change in tone that was not in the original text. This is a typical example of interpretation or reading, as phrased by Emily Wilson and Gayatri Spivak, of the translator showing up in the translated text. The reason that the translator used "!" in the translation might be that the original sentence ended with "らん", indicating a tone of exclamation. Because there is no exclamation mark in classical Japanese, such grammar is used to express sigh or exclaim over any kind of emotion. The translator's choice of using exclamation mark other than a grammar structure to translate such emotion might also be seen as an act of domestication (Derrida). </note></rdg>
                  <!-- Add more readings here if you wish -->
               </app>
            </p>

            <p>
               <app>
                  <rdg wit="#text-1">命あるものを見るに、人ばかり久しきはなし。かげろふの夕を待ち、夏の蝉の春秋を知らぬもあるぞかし。つくづくと一年を暮らす程だにも、こよなうのどけしや。飽かず、惜しと思はば、千年を過すとも、一夜の夢の心地こそせめ。住みはてぬ世に、醜きすがたを待ちえて、何かはせん。命長ければ辱多し。長くとも四十に足らぬほどにて死なんこそ、目安かるべけれ。</rdg>
                  <rdg wit="#text-2">命あるもので、人間ほど長生きなものはない。かげろうのように朝生まれて夕べには死に、夏の蟬のように春秋の季節美を知らない短命な生物もいる。それに比べたら、人間の場合は心安らかに一年間を送れるというだけでもなんとものどかな話ではないか。もしも命に執着するとたとえ千年の長い年月を過ごしても、それはたった一夜の夢のようにはかなく感じるだろう。どうせ永遠には住めないこの世に醜い姿になるまで生きていて何になろうか。長生きすると恥をかくことも多くなる。長くとも四十そこそこで死ぬのが無難というものだ。<note>The most significant method used in this translation is clarification. In the original text, the subject "human" is hiden from the third sentence until the end, which is not uncommon especially in classical Japanese. Readers of the original text are expected to fill in the blank by themselves. However, the skip in subject from the second sentence (subject being fly and cicada) to the that of the third onward (subject being human) might be too abrupt for modern readers. Therefore the modern translation clarifies the subject by adding the phrase "人間の場合は" (in the case of human). </note></rdg>
                  <rdg wit="#text-3">观诸世间众生，以人寿最长。蜉蝣朝生夕死，夏蝉不知春秋。倘能淡然豁达、闲适悠游，则一载光阴亦觉绵绵无绝；若贪得无厌、常不知足，则纵活千年，亦不过短似一夜梦幻。人生如寄，不得久住于世，徒然而待姿容老旧，有何意义？“寿则多辱”，年四十之内辞世，最是佳妙。<note>It is quite interesting that the Chinese translation is in fact shorter than the original text. This is mostly due to the characteristic of classical Chinese being polysemy as mentioned earlier. For example, "人ばかり久しきはなし" (none lives as long as human) in the original text is translated as "以人寿最长" (human lives the longest). The three characters of "ばかり" (only) is replaced by a single character of "最" (most), achiving a kind of dynamic equivalance (Pym) through the context created by the other characters.</note></rdg>
                  <rdg wit="#text-4">Consider living creatures—none lives so long as man. The May fly waits not for the evening, the summer cicada knows neither spring nor autumn. What a wonderfully unhurried feeling it is to live even a single year in perfect serenity! If that is not enough for you, you might live a thousand years and still feel it was but a single night’s dream. We cannot live forever in this world; why should we wait for ugliness to overtake us? The longer man lives, the more shame he endures. To die, at the latest, before one reaches forty, is the least unattractive.<note>The biggest difference in this tranlsation compared to the original text is the inclusion of the "you" in the forth sentence. By using the word "you" the translator is addressing the reader directly, in some way inviitng the reader to think about the question along with the text. The original text, on the other hand, is an essay without a specific reader intended. I would argue that by directing the original text at a specific reader, the translator is deforming the original text by forcing on to it a task of educating the reader, which the original text did not bear.</note></rdg>
                  <!-- If one reading has an empty paragraph, keep the empty <rdg wit="#text-???"></rdg> 
                     (where ??? is the text) -->
               </app>
            </p>

            <p>
               <app>
                  <rdg wit="#text-1">そのほど過ぎぬれば、かたちを恥づる心もなく、人に出でまじらはん事を思ひ、夕の日に子孫を愛して、榮行く末を見んまでの命をあらまし、ひたすら世を貪る心のみ深く、物のあはれも知らずなりゆくなん、浅ましき。</rdg>
                  <rdg wit="#text-2">その年齢を過ぎると容姿の衰えを恥じる気持ちがなくなり、平気で人前に出て社交的にふるまおうとする。更に日没の太陽のような老齢の身で子孫を溺愛し、子孫の繁栄を見届けようと長生きを望んで世俗の欲望ばかり強くなり、深い感動の味わいもわからなくなっていくのはなんとも救いがたい気がする。<note>In this translation, the translator divides the paragraph into two sentences, while the original text is a single long sentence. The translator connects the two sentences with the phrase "更に" (in addition), indicating a growth in terms of both age and the things that elders do. Interestingly, all three translations make a pause at this point: the Chinese translation uses a semicolon, and the English translation also uses a period. However, this modern Japanese translation is the only one that adds a connective word ("in addition") in the beginning of the second sentence. Whether or not such act of expansion is over-translation might be be debatable.</note></rdg>
                  <rdg wit="#text-3">过此年寿，便将忘却老丑，渐无自惭形秽之思，一心混迹人丛，抛头露面；待到夕阳暮年，又宠溺子孙，奢愿长寿以见彼等出人头地。似此般希图凡尘名利，全不懂人情物趣，耄耋丑态，流于下品。<note>In this translation, the words are very much changed while maintain the general idea. This is a very typical example of "imitation", in that the translator "take general hints from the original text, run division on the ground-work as he pleases" (Wilson and Alter). For example, in the first sentence, "人に出でまじらはん事を思ひ" (wanting to go out and mingle among the public) is translated into "一心混迹人丛，抛头露面" (wanting to mingle among the public, showing off oneself). In addition to the "mingling among the public", the translator added another layer of "showing off oneself" to further hyperbolize the things elders might do. The central idea of the original text is kept and translated, but the translator also added his own interpretation into the translated text.</note></rdg>
                  <rdg wit="#text-4">Once a man passes that age, he desires, with no sense of shame over his appearance, to mingle in the company of others. In his sunset years he dotes on his grandchildren, and prays for long life so that he may see them prosper. His preoccupation with worldly desires grows ever deeper, and gradually he loses all sensitivity to the beauty of things, a lamentable state of affairs.<note>The deformation in this paragraph that interests me the most is the gendering of the translation. Tthe subject in the original text is hidden, therefore no gender is indicated. When translated into English, the translator must clarify the subject. In this case, the translator uses "a man" and "he" as the subject. One might argue that the original text is written in medieval Japan when patriarchy is dominating the society (just as it still is today), therefore using "a man" and "he" is appropriate to be used in its translation (Kwame Anthony Appiah). However, considering that original text is not gendered at all, it is still debatable whether it is appropriate for the translator to put a gender onto this text, just like when ungendered languages are translated into gendered languages (ie.English into German).</note></rdg>
               </app>
            </p>
            
            <!-- Continue this pattern through the end of your poem. 
               Make sure that if you have multiple stanzas (line groups, or <lg>) 
               that you wrap each line group with <lg></lg> tags. -->

         <p>
            <title>Section 11</title>
            <app>
               <rdg wit="#text-1">神無月の頃、栗栖野といふ所を過ぎて、ある山里に尋ね入る事侍りしに、遙かなる苔の細道をふみわけて、心細く住みなしたる庵あり。木の葉に埋もるる筧の雫ならでは、露おとなふものなし。閼伽棚に、菊・紅葉など折りちらしたる、さすがに住む人のあればなるべし。</rdg>
               <rdg wit="#text-2">神様たちが出雲へ会議に出かける頃、栗栖野というところを越えて、とある山奥を徘徊し、果てしない苔の小径を歩いて奥へと進み、落ち葉を踏みつぶして歩くと、一軒の火をつけたらすぐに全焼しそうなボロ屋があった。木の葉で隠れた、飲料水採取用の雨どいを流れる雫の音以外は、全く音が聞こえてこない。お供え物用の棚に、菊とか紅葉が飾ってあるから、信じられないけれど誰かが住んでいるのに違いない。<note>In this paragraph, the original text refers to the time as "神無月の頃", the traditional name of the tenth month according to the traditional Japanese calender. Such name is rarely used or refered to in modern Japan as the traditional calender is no longer used. So instead, the translator translated the word as "神様たちが出雲へ会議に出かける頃" (when the gods are out to attend meetings at Izumo). Such translation might be seen as a dynamic equivalence, as they refer to the same period of time. However, I would argue that this translation bears ahe destruction of expression and idioms (Berman) as the phrase "神無月" (the month when gods are absent), or the signifier, is destroyed. Personally, it also diminishes the beauty of the characters, the conciseness, and the rhythm of the classical language incorporated within the word.</note></rdg>
               <rdg wit="#text-3">神无月之时，过栗栖野，造访山中某村。青苔满径，步行良久，至山村深处，见一草庵，寂寂独在。悬樋埋于落叶，水珠滴答，再无别音。阏伽棚上，散放菊花、红叶，显系折下未久。据此可知，庵中尚有人居。<note>Similar to previous paragraphs, there is also "imitation" used in the translation of this paragrpah. "心細く住みなしたる庵あり" (there is a forlorn hut that no one lives in) is translated as "见一草庵，寂寂独在" ((I) saw a hut, standing lonely by itself). In the translation, the translator personate the hut by saying that it is "standing lonely by itself" rather than "no one living in it" in the original text. Within this personification, the grammar of the original text is also altered. While in the original text "the hut" is the object of the sentence, in the translation it becomes the subject.</note></rdg>
               <rdg wit="#text-4">About the tenth month I had the occasion to visit a village beyond the place called Kurusuno. I made my way far down a moss-covered path until I reached a lonely-looking hut. Not a sound could be heard, except for the dripping of a water pipe buried in fallen leaves. Sprays of chrysanthemum and red maple leaves had been carelessly arranged on the holy-water shelf. Evidently somebody was living here.<note>In term of translating the culturally specific term of "神無月", the translator simply puts it as "the tenth month" without providing any explanation. This is the exact opposite of thick translation (Kwame Anthony Appiah), without any cultural context or annotation provided for the readers to understand the specific term. Also because the original word "神無月" literally means "god absent month", when translated into "the tenth month" the readers will only be able to understand the timing, but not the idiom related to it. Personaly, I would argue that this is a very bad translation of the word "神無月" because of this destruction of idiom.</note></rdg>
            </app>
         </p>
         
         
      </body>
   </text>


</TEI>
