<?xml version="1.0" encoding="UTF-8"?>
<?xml-model href="http://www.tei-c.org/release/xml/tei/custom/schema/relaxng/tei_all.rng" type="application/xml"
	schematypens="http://purl.oclc.org/dsdl/schematron"?>
<?xml-model href="MoravianMemoirs.rng" type="application/xml" schematypens="http://relaxng.org/ns/structure/1.0"?>
<TEI xmlns="http://www.tei-c.org/ns/1.0">
   <teiHeader>
      <fileDesc>
         <titleStmt>
            <title>Anna Elisabeth Rauch: Memoir</title>
            <funder>The Moravian Lives Project</funder>
            <principal><persName>Katherine Mary Faull</persName>, Principal Investigator <orgName>Bucknell University</orgName>
               <address>
                  <addrLine>Lewisburg, Pennsylvania</addrLine>
               </address>
               <email>faull@bucknell.edu</email>
            </principal>
            <principal><persName>Christer Ahlberger</persName>, Principal Investigator, 2015-2018 <orgName>University of Gothenburg</orgName>
               <address>
                  <addrLine>Gothenburg, Sweden</addrLine>
               </address>
               <email>christer.ahlberger@history.gu.se</email>
            </principal>
            <respStmt>
               <persName>Diane Jakacki</persName>
               <orgName>Bucknell University</orgName>
               <resp>Project Manager</resp>
            </respStmt>
            <respStmt>
               <persName>Michael McGuire</persName>
               <orgName>Bucknell University</orgName>
               <resp>Developer</resp>
            </respStmt>
            <respStmt>
               <persName>Carly Masonheimer</persName>
               <orgName>Bucknell University</orgName>
               <resp>Research Assistant and encoder</resp>
            </respStmt>
            <respStmt>
               <persName>Marleina Cohen</persName>
               <orgName>Bucknell University</orgName>
               <resp>Research Assistant and encoder</resp>
            </respStmt>
            <respStmt>
               <persName>Carrie Pirmann</persName>
               <orgName>Bucknell University</orgName>
               <resp>Social Sciences Librarian</resp>
            </respStmt>
            <respStmt>
               <persName>Courtney Paddick</persName>
               <orgName>Bucknell University</orgName>
               <resp>Arts &amp; Humanities Librarian</resp>
            </respStmt>
            <respStmt>
               <resp>Transcribers and encoders, HUMN100 Fall 2018</resp>
               <persName>Allison Butler</persName>
               <persName>Bhagawat Acharya</persName>
               <persName>Brendan Matthys</persName>
               <persName>Caleb Broughton</persName>
               <persName>Carly Pavoni</persName>
               <persName>Caroline Walsh</persName>
               <persName>Clayton Wright</persName>
               <persName>Ethan Conklin</persName>
               <persName>George Tyler</persName>
               <persName>Hailey Zimmerman</persName>
               <persName>Jacob Hubbard</persName>
               <persName>Jessica Hom</persName>
               <persName>Julianna Kim</persName>
               <persName>Mauricio Martinez</persName>
               <persName>Mitch Gavars</persName>
               <persName>Meg Koczur</persName>
               <persName>Morgan Graning</persName>
               <persName>Nathan Ware</persName>
               <persName>Olivia Smith</persName>
               <persName>Paige Whitney</persName>
               <persName>Raleigh Singer</persName>
               <persName>Rosemary Rong</persName>
               <persName>Samantha Salazar</persName>
               <persName>Zakee Willis</persName>
               <orgName>Bucknell University</orgName>
            </respStmt>
         </titleStmt>
         <editionStmt>
            <edition>
               <orgName>The Moravian Archives</orgName>
               <address>
                  <addrLine>41 West Locust Street</addrLine>
                  <addrLine>Bethlehem, PA 18018-2757</addrLine>
                  <addrLine>info@moravianchurcharchives.org</addrLine>
               </address>
            </edition>
         </editionStmt>
         <publicationStmt>
            <distributor>The Moravian Lives Project</distributor>
            <availability>
               <licence>Creative Commons Attribution-NonCommercial-ShareAlike 4.0 International</licence>
            </availability>
         </publicationStmt>
         <sourceDesc>
            <msDesc>
               <msIdentifier>
                  <repository>Moravian Archives Bethlehem</repository>
                  <msName type="memoir">Anna Elisabeth Rauch</msName>
                  <msName facs="http://moravianlives.bucknell.edu/MAB/MemBeth_0102-01.jpg" />
                  <msName facs="http://moravianlives.bucknell.edu/MAB/MemBeth_0102-02.jpg" />
                  <msName facs="http://moravianlives.bucknell.edu/MAB/MemBeth_0102-03.jpg" />
                  <msName facs="http://moravianlives.bucknell.edu/MAB/MemBeth_0102-04.jpg" />
                  <msName facs="http://moravianlives.bucknell.edu/MAB/MemBeth_0102-05.jpg" />
                  <msName facs="http://moravianlives.bucknell.edu/MAB/MemBeth_0102-06.jpg" />
                  <msName facs="http://moravianlives.bucknell.edu/MAB/MemBeth_0102-07.jpg" />
                  <msName facs="http://moravianlives.bucknell.edu/MAB/MemBeth_0102-08.jpg" />
                  <msName facs="http://moravianlives.bucknell.edu/MAB/MemBeth_0102-09.jpg" />
               </msIdentifier>
            </msDesc>
         </sourceDesc>
      </fileDesc>
   </teiHeader>
   <text type="memoir">
      <body xml:lang="en">
         <div type="memoir">
            <head type="memoir">Anna Elizabeth Rauch</head>
            <docAuthor>ADD EDITOR NAMES BETWEEN THESE TAGS AND DELETE THIS TEXT</docAuthor>
            <div type="page" n="1">
               <head type="page" ana="MemBeth_0102-01">1
               </head>

               <p>
                  A smal account of <persName>Sister
                  Anna Henrich</persName>'s Life and
                  Departure from the year <date>1756
                  till the year 1762.</date>
                  <lb />
                  <date>in the year 1756 the 18th of Novem.</date> 
                  she took lief of the Congrigation Congregation
                  in <placeName>Bethlehem</placeName> with manny a 
                  hundred Sinner Tears and set 
                  besides her Husband, me and
                  my Wife, of for <placeName>Jamaica</placeName>.
                  the Danger where we was in
                  on see she behav'd as a real
                  Sister and put all hir trust
                  in our <persName>Dear Savior</persName>. and spent
                  manny an Hours in praying
                  to him and believed He would
                  bring us safe on land--
                  <date>the 24th Dec</date>. When we came
                  for ancor at Portugal [Port Royal?]
                  near <placeName>Kingston in Jamaica</placeName>.
                  She was so <name type="emotion">rejoiced</name> in his Heart,
                  that she prosterrated  prostrated her
                  self before our <persName>Savior</persName> under
                  manny a Thousand Tears
                  and Thank'd him Humble for
               </p>
            </div>
            <div type="page" n="2">
               <head type="page" ana="MemBeth_0102-02">2
               </head>
               <p>
                  Women to be baptised which
                  arose such a <name type="emotion">joy</name> in her, that
                  she brock out in those words. 
                  <persName>Dear Savior</persName> it's worth while to
                  Sacrify ones self for such a
                  people etc. on the <date>29th
                  December. on Evining</date> when my dear
                  wife went home to our <persName>Dear
                  Savior</persName>, <name>Sister Anna</name> was not to
                  be comforted because she found
                  herself now quit(e) alone without
                  anny  assistents of hir sect
                  She retired for some Days
                  To <placeName>Carmel</placeName> (which is our own
                  Place) where she was quit alone
                  to converse with hir only
                  Comforter. from that time
                  she got the <name type="health">rumatik</name> which
                  afterwords turnt out in a 
                  consumption. 
                  on the <date>28th March in the year
                  1759</date> when <persName>Br [Powell]</persName> and <persName>Sister Powell</persName>
                  and <persName>Geschwister Leverings</persName> ariv'd at 
                  <placeName>Carmel</placeName>/ where she just hapened
                  to be there/ new Life came  in 
                  her, and all her <name type='emotion'>Sorrow</name> and 
                  <name type='emotion'>grif</name> was gon, for <name type='emotion'>joy</name> over
               </p>
            </div>
            <div type="page" n="3">
               <head type="page" ana="MemBeth_0102-03">3
               </head>
               <p>
                  Those Sisters. on the <date>11th
                  April</date> she took leave of
                  the Negroes at the <placeName>Bogue</placeName>
                  and removed to <placeName>Carmel</placeName> 
                  with her husband and 
                  <name>B. Powell</name> &amp; his <persName>Wife [Powell]</persName> came
                  on the place . on <placeName>Carmel</placeName>
                  she was a faithful house
                  mother and was much be 
                  loved by the Negroes there
                  hear she Experienced manny 
                  havy circumstances, but 
                  Kept Clost to our <persName>Dear Savior</persName>
                  She Every now and then visit-
                  let the Negroes at the <placeName>Boque
                  Mesopotamia</placeName> see and
                  sweetned hir <name type="emotion">grif and sorrow</name>
                  again by conversationes
                  with thise poor People
                  in the <date>year 62</date> she became
                  weeker &amp; weeker &amp; hir con-
                  stitution brock very vast;
                  one perceivd on hir some
                  thing extraordinary especi-
                  ally in conversations whe [page fold]
                  she often times pointed [page fold]
                  up[page fold]
               </p>
            </div>
            <div type="page" n="4">
               <head type="page" ana="MemBeth_0102-04">4
               </head>
               <p>
                  upon being soon by hir 
                  beloved one and rest of 
                  all his Labor. Hir
                  Hosbend Husband was severel Times
                  obld (obliged?) to live hir at home
                  | when visiting the Negroes |
                  on aet?? of hir Illnes which
                  She took much to Heart.
                  in the <date>beginning of July</date> she,
                  was so <name type='health'>ill</name> that she hardly
                  Could stur about, but when
                  hir Husbend Propos'd her
                  to goe to <placeName>Mesopotamia</placeName>
                  She maid hirself ready to
                  goe with hum He advised 
                  hir not to goe but she in-
                  sisted upon, told me the
                  evining before that the
                  <name type='health'>Fever</name> was very smart upon
                  hir, and if hir Hosbend knew
                  the condition she was in He
                  would bit hir to stay at home 
                  but said she I  know what
                  I have maid out with my
                  <persName>Savior</persName> concerning this
               </p>
            </div>
            <div type="page" n="5">
               <head type="page" ana="MemBeth_0102-05">5
               </head>
               <p>
                  Jurney, He will strongthen
                  me and bring me Save
                  there etc. the next morning
                  She got up, she was <name type="emotion">Exiding
                  Happy</name> &amp; so rejoiced over
                  hir journy as She never
                  was before, when she
                  set of she told hir
                  Hosbend to goe before
                  but she stopt, call'd me 
                  and said: Dear <persName>Charles</persName>
                  you have bestoed much
                  <name type="emotion">kindness</name> to me where
                  fore I give you thousand
                  thanks; Pray forgive 
                  me all wherwith I have 
                  grivet you, I think on
                  one hir tears begun
                  to rol Down her Cheeks
                  Farwell said she, and
                  Sead off. . I was so struck
                  by her Talking live in...page folded
                  tha...page folded
               </p>
            </div>
            <div type="page" n="6">
               <head type="page" ana="MemBeth_0102-06">6
               </head>

               <p>
                  that manner, that it
                  Directly came in my mind
                  this is the last Time I 
                  see her. after two days
                  journey they arrived at 
                  <placeName>Mesopotamia</placeName> she felt
                  herself quit Brisk &amp; was 
                  visited by many of the 
                  Negroe Women whom she
                  told with emphasis how 
                  <name type="emotion">Happy</name> a poor sinner
                  can be in the wounds
                  of our <persName>Dear Savior</persName>, and 
                  that her being now at 
                  <placeName>Mesopotamia</placeName> were a 
                  particular time for her.
                  soon after she began to 
                  be ill again, so that she
                  was forced in the <date>beginning
                  of augustto</date> keep hirself
                  in bed; from that Time 
                  she was from Morning
               </p>
            </div>
            <div type="page" n="7">
               <head type="page" ana="MemBeth_0102-07">7
               </head>
               <p>
                  till night visitted by 
                  the Negroes Especially
                  of those which are infirm 
                  and can't do no work
                  in the field; she told her 
                  Husband how near her 
                  only friend and Sav. 
                  is to her &amp; o what hap-
                  piness Enjoy I &amp; every
                  Body who came to see
                  her she recommends 
                  the wounds of Christto 
                  be recconciled with him
                  and so fort on <date>the 12th</date> 
                  she called her husband and 
                  told him that our <persName>Dear 
                  Savior</persName> had opened at
                  great ministry to her
                  and made it clear in her
                  Hear that that happy
                  Hour where she long ago 
                  had long for to Egarte?
               </p>
            </div>
            <div type="page" n="8">
               <head type="page" ana="MemBeth_0102-08">8
               </head>

               <p>
                  is at hand, and that her
                  soul and body is <name type="emotion">rejoyced</name> 
                  to see her bloody redeamer
                  she took leave of him 
                  and thank'd him for all 
                  love he had showed to her.
                  She remain'd in that <name type='emotion'>happily 
                  condition</name>, and in the 
                  sweetest conversations
                  with the Negroe womens
                  (who did not leave her
                  bed till the last moment
                  she went home) ill the 
                  <date>14th august at 9 o clock
                  in the morning</date>. and 
                  went home in arms 
                  of her Bright groom 
                  under a happy Liturgy.
                  Many of the Negroes
                  were spectators to their
                  greatest satisfaction 
                  so that 
               </p>
            </div>
            <div type="page" n="9">
               <head type="page" ana="MemBeth_0102-09">9
               </head>
               <p>
                  so that her End was 
                  accompanied with many
                  tears
                  <lb />
                  In hir memorandum-
                  Book she found a month
                  after her Departure
                  she had wrote Down 
                  in the beginning of 
                  this year I kept
                  a Band with my 
                  intimate friend &amp;
                  <persName>Savior</persName>, where he 
                  granted me my re-
                  quest with the strongest
                  assurence in my 
                  hearts.
                  <lb/>
                  <date>In the year 1763 the 11th
                  Nov.  between a 11 and
                  12 o clock</date> hir Dear
                  Husband followed hir.                  
               </p>
            </div>
         </div>
      </body>
   </text>
</TEI>
