<?xml version="1.0" encoding="UTF-8"?>
<?xml-model href="http://www.tei-c.org/release/xml/tei/custom/schema/relaxng/tei_all.rng" type="application/xml"
	schematypens="http://purl.oclc.org/dsdl/schematron"?>
<?xml-model href="MoravianMemoirs.rng" type="application/xml" schematypens="http://relaxng.org/ns/structure/1.0"?>
<TEI xmlns="http://www.tei-c.org/ns/1.0">
   <teiHeader>
      <fileDesc>
         <titleStmt>
            <title>Christine Sieber: Memoir</title>
            <funder>The Moravian Lives Project</funder>
            <principal><persName>Katherine Mary Faull</persName>, Principal Investigator <orgName>Bucknell University</orgName>
               <address>
                  <addrLine>Lewisburg, Pennsylvania</addrLine>
               </address>
               <email>faull@bucknell.edu</email>
            </principal>
            <principal><persName>Christer Ahlberger</persName>, Principal Investigator, 2015-2018 <orgName>University of Gothenburg</orgName>
               <address>
                  <addrLine>Gothenburg, Sweden</addrLine>
               </address>
               <email>christer.ahlberger@history.gu.se</email>
            </principal>
            <respStmt>
               <persName>Diane Jakacki</persName>
               <orgName>Bucknell University</orgName>
               <resp>Project Manager</resp>
            </respStmt>
            <respStmt>
               <persName>Michael McGuire</persName>
               <orgName>Bucknell University</orgName>
               <resp>Developer</resp>
            </respStmt>
            <respStmt>
               <persName>Carly Masonheimer</persName>
               <orgName>Bucknell University</orgName>
               <resp>Research Assistant and encoder</resp>
            </respStmt>
            <respStmt>
               <persName>Marleina Cohen</persName>
               <orgName>Bucknell University</orgName>
               <resp>Research Assistant and encoder</resp>
            </respStmt>
            <respStmt>
               <persName>Carrie Pirmann</persName>
               <orgName>Bucknell University</orgName>
               <resp>Social Sciences Librarian</resp>
            </respStmt>
            <respStmt>
               <persName>Courtney Paddick</persName>
               <orgName>Bucknell University</orgName>
               <resp>Arts &amp; Humanities Librarian</resp>
            </respStmt>
            <respStmt>
               <resp>Transcribers and encoders, HUMN100 Fall 2018</resp>
               <persName>Allison Butler</persName>
               <persName>Bhagawat Acharya</persName>
               <persName>Brendan Matthys</persName>
               <persName>Caleb Broughton</persName>
               <persName>Carly Pavoni</persName>
               <persName>Caroline Walsh</persName>
               <persName>Clayton Wright</persName>
               <persName>Ethan Conklin</persName>
               <persName>George Tyler</persName>
               <persName>Hailey Zimmerman</persName>
               <persName>Jacob Hubbard</persName>
               <persName>Jessica Hom</persName>
               <persName>Julianna Kim</persName>
               <persName>Mauricio Martinez</persName>
               <persName>Mitch Gavars</persName>
               <persName>Meg Koczur</persName>
               <persName>Morgan Graning</persName>
               <persName>Nathan Ware</persName>
               <persName>Olivia Smith</persName>
               <persName>Paige Whitney</persName>
               <persName>Raleigh Singer</persName>
               <persName>Rosemary Rong</persName>
               <persName>Samantha Salazar</persName>
               <persName>Zakee Willis</persName>
               <orgName>Bucknell University</orgName>
            </respStmt>
         </titleStmt>
         <editionStmt>
            <edition>
               <orgName>The Moravian Archives</orgName>
               <address>
                  <addrLine>41 West Locust Street</addrLine>
                  <addrLine>Bethlehem, PA 18018-2757</addrLine>
                  <addrLine>info@moravianchurcharchives.org</addrLine>
               </address>
            </edition>
         </editionStmt>
         <publicationStmt>
            <distributor>The Moravian Lives Project</distributor>
            <availability>
               <licence>Creative Commons Attribution-NonCommercial-ShareAlike 4.0 International</licence>
            </availability>
         </publicationStmt>
         <sourceDesc>
            <msDesc>
               <msIdentifier>
                  <repository>Moravian Archives, Bethlehem</repository>
                  <msName type="memoir">Christine Sieber</msName>
                  <msName facs="http://moravianlives.bucknell.edu/MAB/MemBeth_0141-01.jpg" />
                  <msName facs="http://moravianlives.bucknell.edu/MAB/MemBeth_0141-02.jpg" />
               </msIdentifier>
            </msDesc>
         </sourceDesc>
      </fileDesc>
   </teiHeader>
   <text type="memoir">
      <body xml:lang="en">
         <div type="memoir">
            <head type="memoir">Christine Sieber</head>
            <docAuthor>ADD EDITOR NAMES BETWEEN THESE TAGS AND DELETE THIS TEXT</docAuthor>
            <div type="page" n="1">
               <head type="page" ana="MemBeth_0141-01">1
               </head>
               <p> Aged 55 years III. The Girl Christine Sieber. She was born at gnadenfry??? the 10th of Sept. 1757. After her Valent Departure of this Life, she came with her Mother as a little
                  child into the Widows House, where every Body loved her. In her tenderest years she had a Feeling of our Saviour in her Heart, and in the Day Time She was educated with the Children
                  in the Anstalt. Ano 50 the 18th October She received quite in the Children Anstalt, where She in Comunion with other Children kept many a Liturgie to our Saviour. Ano 58 She was
                  received into the Children Congregation. Allway it was a great Blessing to her, when She in comunion with the Children was allowed ot prostrate her self to our Saviour. Her poor Body
                  was so weakly that at last all her limbs grow lame. Therefore she must be carryed everywhere. This caus'd her many a Smart &amp; some tinier impatience that She must loose so many
                  fine Meetings. But when She thought on our Saviour and is Smart, then She was in her Heart ashamed &amp; of all Heart contented. She wept many Tears &amp; very often confessed: I am
                  a poor &amp; miserable Child, &amp; for all that our ​​​​​​​dear </p>
            </div>
            <div type="page" n="2">
               <head type="page" ana="MemBeth_0141-02">2
               </head>
               <p> dear Saviour loveth me, as is very often on my Place so near to me, that I am not able to describe it. I am willing from all my Heart to renounce every Thing in his Way, to make me
                  soon to his Pleasure. the 3th April She was still with her Children very amusing. The 4th She complaint about great Pain on her Breast, &amp; declared directly that she is to go
                  home, for that reason She took by her Sisters who attended &amp; thanked them two times for their Care &amp; trouble whith She made &amp; promised to think on them by our dear
                  Saviour. After that She toock Leave in a very tender maner by her Mother &amp; desireth she would sing Verses, as among the rest these: Ich riech mich auf Ven Sabbat ang. Mein
                  Seelgen wird such bald einmal aus feinen Hüttchen shwingen. Her Children continued with a sweet Litgurgie around her Bed. After that her tender Desire by our Saviour was to call her
                  soon home. And said very often: Lovely Lamb, pray come soon! Asoon and in the Evening at 11 a cllok she went happy home in our Heaven .Wound in her 12 Years of Age </p>
            </div>
         </div>
      </body>
   </text>
</TEI>
