<?xml version="1.0" encoding="UTF-8"?>
<?xml-model href="http://www.tei-c.org/release/xml/tei/custom/schema/relaxng/tei_all.rng" type="application/xml"
	schematypens="http://purl.oclc.org/dsdl/schematron"?>
<?xml-model href="MoravianMemoirs.rng" type="application/xml" schematypens="http://relaxng.org/ns/structure/1.0"?>
<TEI xmlns="http://www.tei-c.org/ns/1.0">
   <teiHeader>
      <fileDesc>
         <titleStmt>
            <title>Rosine Tanneberger: Memoir</title>
            <funder>The Moravian Lives Project</funder>
            <principal><persName>Katherine Mary Faull</persName>, Principal Investigator <orgName>Bucknell University</orgName>
               <address>
                  <addrLine>Lewisburg, Pennsylvania</addrLine>
               </address>
               <email>faull@bucknell.edu</email>
            </principal>
            <principal><persName>Christer Ahlberger</persName>, Principal Investigator, 2015-2018 <orgName>University of Gothenburg</orgName>
               <address>
                  <addrLine>Gothenburg, Sweden</addrLine>
               </address>
               <email>christer.ahlberger@history.gu.se</email>
            </principal>
            <respStmt>
               <persName>Diane Jakacki</persName>
               <orgName>Bucknell University</orgName>
               <resp>Project Manager</resp>
            </respStmt>
            <respStmt>
               <persName>Michael McGuire</persName>
               <orgName>Bucknell University</orgName>
               <resp>Developer</resp>
            </respStmt>
            <respStmt>
               <persName>Carly Masonheimer</persName>
               <orgName>Bucknell University</orgName>
               <resp>Research Assistant and encoder</resp>
            </respStmt>
            <respStmt>
               <persName>Marleina Cohen</persName>
               <orgName>Bucknell University</orgName>
               <resp>Research Assistant and encoder</resp>
            </respStmt>
            <respStmt>
               <persName>Carrie Pirmann</persName>
               <orgName>Bucknell University</orgName>
               <resp>Social Sciences Librarian</resp>
            </respStmt>
            <respStmt>
               <persName>Courtney Paddick</persName>
               <orgName>Bucknell University</orgName>
               <resp>Arts &amp; Humanities Librarian</resp>
            </respStmt>
            <respStmt>
               <resp>Transcribers and encoders, HUMN100 Fall 2018</resp>
               <persName>Allison Butler</persName>
               <persName>Bhagawat Acharya</persName>
               <persName>Brendan Matthys</persName>
               <persName>Caleb Broughton</persName>
               <persName>Carly Pavoni</persName>
               <persName>Caroline Walsh</persName>
               <persName>Clayton Wright</persName>
               <persName>Ethan Conklin</persName>
               <persName>George Tyler</persName>
               <persName>Hailey Zimmerman</persName>
               <persName>Jacob Hubbard</persName>
               <persName>Jessica Hom</persName>
               <persName>Julianna Kim</persName>
               <persName>Mauricio Martinez</persName>
               <persName>Mitch Gavars</persName>
               <persName>Meg Koczur</persName>
               <persName>Morgan Graning</persName>
               <persName>Nathan Ware</persName>
               <persName>Olivia Smith</persName>
               <persName>Paige Whitney</persName>
               <persName>Raleigh Singer</persName>
               <persName>Rosemary Rong</persName>
               <persName>Samantha Salazar</persName>
               <persName>Zakee Willis</persName>
               <orgName>Bucknell University</orgName>
            </respStmt>
         </titleStmt>
         <editionStmt>
            <edition>
               <orgName>The Moravian Archives</orgName>
               <address>
                  <addrLine>41 West Locust Street</addrLine>
                  <addrLine>Bethlehem, PA 18018-2757</addrLine>
                  <addrLine>info@moravianchurcharchives.org</addrLine>
               </address>
            </edition>
         </editionStmt>
         <publicationStmt>
            <distributor>The Moravian Lives Project</distributor>
            <availability>
               <licence>Creative Commons Attribution-NonCommercial-ShareAlike 4.0 International</licence>
            </availability>
         </publicationStmt>
         <sourceDesc>
            <msDesc>
               <msIdentifier>
                  <repository>Moravian Archives, Bethlehem</repository>
                  <msName type="memoir">Rosine Tanneberger</msName>
                  <msName facs="http://moravianlives.bucknell.edu/MAB/MemBeth_0140-01.jpg" />
               </msIdentifier>
            </msDesc>
         </sourceDesc>
      </fileDesc>
   </teiHeader>
   <text type="memoir">
      <body xml:lang="en">
         <div type="memoir">
            <head type="memoir">Rosine Taneberger</head>
            <docAuthor>ADD EDITOR NAMES BETWEEN THESE TAGS AND DELETE THIS TEXT</docAuthor>
            <div type="page" n="1">
               <head type="page" ana="MemBeth_0140-01">1
               </head>
               <p> II. The married Sist. Rosine Taneberger. She was Ao 1708 born at Mammendorf in Moravia. Her Vaters name was Geo. Weber. The holy ghost had from her tender youth his work in heart
                  &amp; she spent her time continually without Rest in her soul. In her 25th. year of Age she married Michel Taneberger. she [has] 2 Boys with him but they died very young. She very
                  often pineth to hear the Gospel of Jesus Sufferings of Death, therefore she very begged dear God to still her Desire &amp; help her to a Place where she could find rest for her poor
                  soul,then she could not find that in her Mother Country. Ao 1753. the 13th October She got a feeling in her heart to move to Gnaden- frey, they hastened as much as possible &amp;
                  escaped hardly from their pursuers. The 31 of Dec. she arrived here very much rejoiced. Soon after a critical occasion pretty nearly persuadeth her husbands to remove from here to
                  his son. She therefore was so embarrassed &amp; intreated our Serviour in her Perplexity saying: feared my heart catched a spark of grace, &amp; instead to become a fire he will be
                  quenched! </p>
            </div>
         </div>
      </body>
   </text>
</TEI>
